Titulo;Seccion;Contenido;link
"
Nueva cumbre del PRO: Macri pidió bajar la pelea pública, pero sigue lejos el acuerdo entre Larreta y Bullrich
";Política;"
En medio de fuertes internas y preocupados por el crecimiento de Javier Milei, los principales referentes del PRO se juntaron nuevamente este lunes a la tarde, en el barrio de Palermo. Fue el tercer encuentro en poco más de una semana, con la presencia del poker de mayor peso en el partido: Mauricio Macri, Horacio Rodríguez Larreta, Patricia Bullrich y María Eugenia Vidal.



La reunión duró cerca de dos horas (de 17 a 19) y Federico Angelini (titular del PRO, tras la licencia de Bullrich) y Cristian Ritondo hicieron de voceros. ""No hay dudas de la unidad del PRO y de Juntos por el Cambio. Y estamos a favor de ampliarnos"", señaló Angelini, precandidato a vicegobernador en Santa Fe.
Fue cuando lo consultaron por la incorporación de José Luis Espert, uno de los puntos que estaba en la agenda. El tema, quedó claro, no está cerrado. Incluso hubo cierta incomodidad por comentarios del diputado de Avanza Libertad en contra de Macri. ""Si hizo comentarios tendrá que aclararlos él"", completó Angelini.
Larreta, Gerardo Morales (UCR) y Elisa Carrió (Coalición Cívica) ya se mostraron a favor de sumar al economista. Hay dudas aún en Macri y Bullrich. Sobre todo por la eventual candidatura del nuevo aliado. ¿Se postularía para presidente como impulsa el jefe de gobierno porteño para restarle votos a la ex ministra y a Milei? ¿O a gobernador, como se había lanzado originalmente el referente libertario?
Los voceros del encuentro también aseguraron que ""se trabaja para que el PRO gane la Ciudad"". Lo que parecería una obviedad no lo es en la fuerza que fundó Macri. Y allí los cañones apuntan otra vez a Larreta, por su alianza con el radical Martín Lousteau, lanzado para sucederlo en el distrito porteño. 
Poco después de las 19, apenas finalizada la reunión, desde el Gobierno porteño se prestaban a difundir fotos de apoyo a Fernán Quirós como candidato en la Ciudad. Es el postulante que apoyan el alcalde y el grueso del Gabinete. Pero no es el que respalda Macri, que ya jugó las fichas a favor de su primo Jorge, también ministro en CABA pero hoy aislado en la sede de Uspallata.
""Queremos bajar tensiones y el ejercicio de juntarnos lo va a lograr. Y obvio trabajar para ver donde mas lugares podamos ponernos de acuerdo"", afirmó Angelini ante la consulta de Clarín. ""Fue una excelente reunión"", remarcó en esa línea.
Lejos del acuerdo
Pese a la coincidencia casi unánime sobre el perjuicio de exponer las diferencias en público, sigue muy lejos el acuerdo sobre cómo dirimir candidaturas en los principales distritos, básicamente la Ciudad y la Provincia de Buenos Aires. 
Macri reclamó que las discrepancias se discutan en privado. Sobre todo que no aparezcan propuestas disímiles sobre temas estructurales, como la necesidad de una reforma laboral. Allí, quedó un enojo particular contra Larreta por la convocatoria unilateral a elecciones concurrentes en la Ciudad.
""Puede haber diferencias políticas sobre cómo llevar a cabo una reforma, pero no en qué reforma hay que hacer"", ejemplificó a Clarín uno de los asistentes. 
Más allá de esta premisa, no parece haber muchos avances respecto a otros temas concretos. Uno es la Ciudad. Si bien se acordó la obviedad de ""trabajar para que gane el PRO"" (la reunión era del PRO), ni siquiera está claro que vaya a haber un candidato único, como se habían comprometido públicamente Macri y Larreta.
""Es la idea, pero no hay acuerdo ni mucho menos"", completó una fuente a este diario. Esto parece un retroceso respecto a semanas atrás, cuando el tema del candidato único no parecía en discusión.
Tampoco hay acuerdo respecto a la candidatura a gobernador. Larreta quiere que cada postulante a presidente lleve su oferta para la Provincia. Bullrich no. Simple: el precandidato del jefe de Gobierno, Diego Santilli, mide mejor. 
""Sí se avanzó al menos en no presentar más de un candidato a intendente en los municipios que ya gobernamos o dónde hay claramente un mejor postulante"", amplió un dirigente. 

La previa

""Yo sigo mi camino, no miro qué hacen los demás. Lo importante es el rol que ocupemos nosotros"", respondió Bullrich a la prensa antes de que arranque el encuentro, cerca de las 17, cuando la consultaron justamente por Milei.
También la ex ministra fue consultada por la acusación de Cristina Kirchner, que la involucró en la trama del atentado en su contra. Específicamente, por la presunta declaración una secretaria del diputado Gerardo Milman, cercano a Bullrich, quien habría asegurado que borraron información de sus teléfonos porque los comprometería con el caso. ""No tengo idea de lo que hablan. Todo eso es un invento. Me sorprende la creatividad"", se desentendió Bullrich.









La ex gobernadora María Eugenia Vidal, este lunes, ingresa a la reunión del PRO en Palermo. FOTO Rolando Andrade Stracuzzi. 


Más expeditivo fue Macri en su ingreso. En medio de varios periodistas, les restó importancia a los resultados electorales de este domingo, desvinculándolos de la pelea nacional.
Palazo de Macri contra los ""feudales""

Habló de pujas ""poco representativas"". También se escuchó la palabra ""feudales"". ¿Palo por elevación a Larreta que fue a festejar con Gerardo Morales el triunfo radical en Jujuy y se sacó fotos muy sonriente? Otros interpretaron que se refería a La Rioja, donde reeligió el gobernador peronista Ricardo Quintela y fue visitado este lunes por el presidente Alberto Fernández.
Vidal, en tanto, eludió hablar con la prensa y más huidizo fue Larreta: directamente ingresó al lugar con un auto.
Como en las reuniones previas, que también contaron con un cuarteto de dirigentes que secundaron a los principales (Fernando de Andreis, Diego Santilli, Federico Angelini y Cristian Ritondo), se intentará avanzar en el armado para los dos distritos que tienen trabada la interna del PRO: la Ciudad y la Provincia de Buenos Aires.
Allí, aparecen estrategias diferenciadas. Mientras en CABA, al menos en el discurso público, hay coincidencia en que haya un solo postulante del PRO para enfrentar al radical Martín Lousteau (y muy probablemente al republicano Ricardo López Murphy); en territorio bonaerense no se llega a un acuerdo.
En el distrito más grande del país (40% de los votos nacionales) básicamente Larreta propone que cada candidato presidencial lleve su postulante a gobernador. Lo dice pensando en la puja contra Bullrich, ya que el jefe de Gobierno tiene de aliado a Santilli, el precandidato que mejor mide para la Provincia.









El ex ministro Cristian Ritondo fue uno de los que paró a hablar con la prensa, este lunes, antes de entrar a la reunión del PRO en Palermo. FOTO Rolando Andrade Stracuzzi. 


La ex ministra de Seguridad, en cambio, oscila entre tres posibilidades (Néstor Grindetti, Javier Iguacel y Joaquín de la Torre), ninguna muy taquillera por el momento, mientras aguarda qué hará Ritondo, que se quedó sin referencia nacional tras el corrimiento de Vidal.
""Quiero ser candidato a gobernador y expresé mi apoyo a Patricia Bullrich, pero también hay otros candidatos"", avisó justamente Ritondo antes de sumarse a la reunión. Y se metió en la interna porteña: ""En la Ciudad el PRO debe llegar con un candidato único y el que está mejor es Jorge Macri"".
En Provincia hay un elemento extra que genera ruido: el posible desdoblamiento. Hasta el momento, el gobernador Axel Kicillof sólo convocó a las primarias bonaerenses, en coincidencia con las nacionales, para el 13 de agosto. Pero se guardó la chance de separar el comicio general, incluso utilizando la misma metodología que la Ciudad: la concurrencia.
¿Qué es esto? Que se vote el mismo día, pero con urnas y boletas diferentes, lo que neutraliza el arrastre del candidato presidencial. Debate abierto.
El liderazgo PRO

Macri también dejó trascender su disgusto (en especial con Larreta) porque cree que algunos dirigentes no están defendiendo el liderazgo que, según el ex presidente, debería tener el PRO en Juntos por el Cambio.
Le molesta en particular los acuerdos del jefe de Gobierno con Morales y Martín Lousteau. Este domingo, en Jujuy, hubo una escena que exasperó a los macristas de paladar negro. Fue cuando el gobernador radical, con Larreta al lado, lo presentó a Lousteau como el posible ""sucesor del jefe de Gobierno"". 
Está casi descartado que hoy se llegue a un acuerdo sobre la Ciudad, pese a la coincidencia del ""candidato único"". El ex presidente Macri apoya a su primo y funcionario porteño Jorge, mientras Larreta, este mismo lunes, motorizó una foto de todo su Gabinete apoyando a otro ministro: el de salud, Fernán Quirós. 
¿La salida es que se bajen ambos y quede finalmente Vidal como la representante amarilla en la Ciudad? Por ahora el operativo viene frío. Pero aún late.



Mirá también






Elecciones provinciales: oficialismos fuertes, media sorpresa y los candidatos de Milei no arrancan








Nueva cumbre del PRO, el reto interno de Miguel Angel Pichetto y Jorge Capitanich no lo quiere a Sergio Massa



";https://www.clarin.com/politica/nueva-cumbre-pro-medio-fuertes-internas-preocupados-crecimiento-javier-milei_0_VA2nFA7YZp.html
"
Otro desafío de Horacio Rodríguez Larreta a Mauricio Macri: aval a una foto del gabinete porteño apoyando la candidatura de Fernán Quirós
";Política;"
Con una foto de casi todo el gabinete porteño unido, aunque sin estar él mismo presente, Horacio Rodríguez Larreta salió a bancar la precandidatura de Fernán Quirós para sucederlo al frente de la Jefatura de Gobierno de la ciudad de Buenos Aires.



El ""casi"" obedece a la ausencia lógica de Jorge Macri, ministro de Gobierno, que también aspira a competir por ese cargo y que aparece como el principal rival de Quirós en la interna del PRO, a seis semanas del cierre de listas. La candidatura del ex intendente de Vicente López cuenta con el aval de los halcones de Juntos por el Cambio, como Mauricio Macri y Patricia Bullrich.
El encuentro de funcionarios porteños se dio casi en paralelo a la cumbre del PRO en la que coincidieron, entre otros, Larreta, Macri y Bullrich. Pareció un mensaje directo hacia el ex presidente en la interna nacional y también en la discusión citadina.
No obstante, también están quiénes leen un mensaje hacia Martín Lousteau, el precandidato de la UCR que competirá en la PASO de Juntos por el Cambio y que mantiene una sociedad estratégica con Rodríguez Larreta a nivel nacional. Sin embargo, el alcalde porteño viene avisando desde hace tiempo que él apoyará a un dirigente surgido de la propia interna del PRO.
La foto se produjo en el búnker que tiene el larretismo en la calle Olazábal, en el barrio de Belgrano, y contó con la presencia de la mayoría de las primeras y segundas líneas del gabinete porteño que Quirós integra como ministro de Salud. Si bien no estuvo en el retrato, Rodríguez Larreta fue quien la propició y terminó bendiciéndola, después de una reunión que hubo entre los funcionarios el jueves de la semana pasada, en San Telmo.









Fernán Quirós, liderando un acto en el bunker larretista de Belgrano. 


Fueron más de 300 los dirigentes del gobierno porteño que se reunieron para mostrar su pleno apoyo a Fernán Quirós. El encuentro fue encabezado por el jefe de Gabinete Felipe Miguel, que luego de unas palabras le cedió el micrófono a Quirós, quien manifestó que “el valor diferencial que tiene esta gestión reside en la calidad y el compromiso de sus equipos, que trabajan sostenidamente para transformar la Ciudad y garantizar una mejor calidad de vida al vecino. Eso es lo que la gente elige ya hace tantos años y es el camino que seguiremos construyendo"".
Además, agregó: ""Todos los que estamos acá, estamos porque queremos que Horacio sea el presidente de la Argentina y porque queremos que el próximo gobierno de la ciudad sea superador a este, que fue el mejor gobierno de la historia"".
Si bien Larreta no estuvo, avaló la cumbre que marginó definitivamente a Jorge Macri, cuya candidatura es avalada por su primo, Mauricio, y por Patricia Bullrich. El acuerdo por avanzar en el apoyo a la candidatura se había dado el jueves pasado, en un cónclave en el que había estado casi todo el gabinete porteño, con Felipe Miguel a la cabeza. Entre otras ausencias importantes tampoco estuvieron Soledad Acuña, ministra de Educación, Waldo Wolff, secretario de Asuntos Públicos, así como tampoco ministras como Clara Muzzio y María Migliore.
""Hay acuerdo total de avanzar con la candidatura de Fernán, en estas seis semanas le vamos a meter duro y parejo a la campaña, para terminar de instalarlo, pero acá el único plan es él"", vienen coincidiendo la mayoría de funcionarios larretistas consultados.
Quirós y Jorge Macri quedaron como los únicos representantes del PRO con expectativas por ser jefe de Gobierno, luego de que se bajaran de sus precandidaturas Emmanuel Ferrario y Soledad Acuña, a fines de marzo y principios de mayo, respectivamente. También se especuló con la posibilidad de una candidatura de María Eugenia Vidal, pero la misma fue descartada por la diputada nacional, que la semana pasada desistió también de su precandidatura a presidenta de la Nación.
En Uspallata, sede del Gobierno porteño, creen que debería quedar un solo candidato del PRO en la PASO del 13 de agosto, que apoye todo el partido y enfrente a Lousteau, el candidato más competitivo a priori en esa interna. Jorge Macri es el único que no coincide con esa estrategia, que busca promover a Quirós, porque lo deja afuera y él tiene la decisión tomada de jugar ""hasta el final, independientemente de lo que decidan los otros candidatos"".









Jorge Macri, ministro de Gobierno y posible candidato a alcalde porteño. 


En el equipo del ex intendente de Vicente López aseguran que en la Ciudad ""no va a haber un gran elector que designe a dedo quién va a ser el candidato"" y que ""Jorge va a competir en cualquier cancha"". Sostienen que las encuestas lo muestran por encima de Quirós y de Lousteau, y se recuestan en el apoyo interno de Patricia Bullrich y Mauricio Macri.
Según plantean fuentes cercanas a Jorge Macri, ""para Larreta sostener la candidatura de Quirós, que no supera los dos dígitos en intención de voto, y encima ungirlo como su candidato en la Ciudad, empieza a mostrar que Larreta no transfiere voto"".
Cerca de Quirós, en tanto, en el larretismo piensan que el ministro de Salud es, en un contexto de fuerte rechazo social a la clase política, la mejor alternativa que puede presentar el PRO para asegurarse la continuidad de un proyecto que lleva 16 años entre los dos mandatos de Macri y los dos de Larreta.
 ""La gente en la calle le pide a Fernán que no se meta en la política, lo diferencia del resto, y eso es un plus. Por eso muchos creen que él no tiene perfil para ser candidato. Todo lo contrario, es el mejor que podemos tener, por el apoyo que tiene a partir de su gestión de la pandemia y porque representa los valores del PRO"", confían.
Hace meses Larreta viene diciendo que va apoyar a los candidatos del PRO en la interna cambiemita. Más allá de fotos específicas, aun lejos del inicio de la campaña, el jefe de Gobierno no venía dando señales de un apoyo explícito a Quirós y hay quienes alimentan la hipótesis de que en realidad en pos de su proyecto presidencial la mejor opción que tiene es que un radical como Lousteau sea el candidato más votado. Sería extraño, porque en los hechos hablaría de una derrota del PRO en la PASO, más allá del muy buen vínculo que Larreta construyó en los últimos años con el economista.
 Lousteau, mientras, sigue con sus recorridas por la Ciudad, muchas compartidas con el propio Rodríguez Larreta, consciente de que no tiene competencia interna dentro de su partido y que una disputa del PRO en la PASO puede favorecerlo para que se termine imponiendo y compita, finalmente, como el candidato de Juntos por el Cambio en las generales.









Horacio Rodríguez Larreta junto a Martín Lousteau en una recorrida de campaña en la Ciudad. 


 





";https://www.clarin.com/politica/desafio-horacio-rodriguez-larreta-mauricio-macri-aval-foto-gabinete-porteno-apoyando-candidatura-fernan-quiros_0_MsDqLQ0zXG.html
"
El Gobierno ya destina más de $ 3.500 millones por día a pagar planes sociales que controlan piqueteros aliados y La Cámpora
";Política;"
La escalada de la inflación también está impactando fuerte en el presupuesto que el Gobierno destina al pago de planes sociales. Al término del primer cuatrimestre, el gasto destinado a los dos principales programas de asistencia se incrementó en un 33%, apenas por encima de la suba de precios, pero lejos de poder garantizar la meta anual de 60% prevista por el ministro de Economía, Sergio Massa.



Exactamente $ 429.306 millones se giraron a las arcas del Potenciar Trabajo y la Tarjeta Alimentar al 30 de abril, el equivalente a $ 3.577 millones por día. Se trata de las dos cajas centrales de asistencia en la administración pública, que controlan piqueteros aliados al Gobierno y organizaciones K como La Cámpora.
El gasto se fue intensificando desde enero, cuando las transferencias diarias eran $ 2.690 millones. En febrero se pasó el umbral de los $ 3.000 millones, en marzo treparon a $ 3.400 millones y en abril se acercó a los $ 3.600 millones. En cuatro meses, es una suba del 33%. Cuando se conozca el dato de inflación de abril, el próximo viernes, el balance cuatrimestral será similar a ese dato.
A este ritmo de erogación de transferencias, el presupuesto anual de $ 1,03 billón se agotará antes de las elecciones generales del 22 de octubre, lo que obligará al Ejecutivo a reasignar fondos en plena campaña. Ya lo ha hecho en las elecciones de 2021, cuando tuvo que reprogramar toda la partida en agosto, un mes antes de las PASO.
El Evita, de los dos lados del mostrador
Desde el minuto cero de la gestión de Alberto Fernández, la caja estatal más trascendente en cuanto a asistencia social la manejó un dirigente alineado al presidente Alberto Fernández como Emilio Pérsico. Secretario de Economía Social y líder del Movimiento Evita, pasó a estar de los dos lados del mostrador, pagando los planes y recibiendo su organización un alto porcentaje de los mismos. 
El Potenciar Trabajo cuenta con un presupuesto anual de $ 590.896 millones, de los cuales ya se utilizaron $ 237.752 millones, un 40% del total y el equivalente a $ 1.982 millones por día. Desde allí se cubre la asistencia a más de 1,3 millones de beneficiarios, que a cambio deben cumplir con un trabajo de cuatro horas por día, de lunes a viernes, que mayoritariamente no completan.









Fernando ""Chino"" Navarro y Emilio Pérsico, los máximos dirigentes del Movimiento Evita 


El haber del Potenciar Trabajo es medio Salario Mínimo Vital y Móvil, hoy ubicado es decir, unos $ 40.160 por mes. Ese dinero lo manejan como intermediarios las organizaciones sociales, que de allí transfieren los recursos a cada beneficiario. El año pasado se supo que el Polo Obrero, por caso, les cobrá un 2% de cachet a cada uno de sus 60.000 afiliados que perciben el plan. Ese dinero lo termina utilizando para financiar los cortes y piquetes que realiza.
La ministra de Desarrollo Social Victoria Tolosa Paz viene intentando ajustar el sistema de transferencias desde principios de año. Bajó la cantidad de beneficiarios que reciben el plan y evitó que se acumule el cobro de programas sociales, como el Potenciar Trabajo y el Nexo. No obstante, no alcanzó para controlar en detalle cómo se paga y quiénes reciben los recursos.
La Cámpora, a cargo de la Tarjeta Alimentar
Determinante durante la pandemia, la Tarjeta Alimentar ha ido perdiendo peso respecto al Potenciar Trabajo en cuanto a envío de recursos se refiere en los últimos años. Hoy cuenta con fondos por $ 442.755 millones para cubrir la asistencia alimentaria durante 2023.
Al término del primer cuatrimestre, el programa Políticas Alimentarias cobró $ 191.554 millones, exactamente $ 1.596 millones por día, y un 43% del total de los recursos previstos, que también siguiendo a este ritmo de ejecución, deberá ser reforzado en octubre, antes de los comicios presidenciales.
La Tarjeta Alimentar, que recibe ajustes periódicos de parte del Estado en sus montos, alcanza a 1,4 millones de beneficiarios, que equivalen a alrededor de cuatro millones de personas en las que termina impactando. A diferencia de lo que pasa con el Potenciar Trabajo, la trazabilidad del envío de sus fondos es más clara, ya que va acompañada desde la ANSeS, en línea con el padrón de personas que reciben la Asignación Universal por Hijo.
Es una caja que maneja La Cámpora, también desde el inicio de la gestión. Está a cargo de Laura Valeria Alonso, secretaria de Inclusión Social, que responde políticamente a Máximo Kirchner y al ""cuervo"" Andrés Larroque. La relación entre el Evita y La Cámpora por el manejo de estos recursos es tensa, como con la mayoría de los movimientos sociales que conviven en Desarrollo Social.









Laura Valeria Alonso, secretaria de Inclusión Social, con la intendenta de Quilmes Mayra Mendoza. Ambas de la agrupación La Cámpora. 


El reparto de poder piquetero en el ministerio
Desarrollo Social es un ministerio loteado por las organizaciones sociales afines al kirchnerismo, desde antes de que asuma Tolosa Paz en el cargo, en octubre. Ya en las gestiones previas de Daniel Arroyo y Juan Zabaleta, la lucha de poder territorial fue una constante.
 Con el Movimiento Evita y La Cámpora enfrentados desde hace tiempo en medio de la puja entre Alberto Fernández y Cristina Kirchner, también tienen poder de fuego interno otros referentes sociales, como Juan Grabois, a través de dirigentas que responden a él como Ramona Fernanda Miño, la secretaria de Integración Socio Urbana.
 El año pasado, Grabois perdió a uno de sus soldados, echado por Pérsico después de diferencias internas: fue Rafael Klejzer, del Movimiento La Dignidad, que era director nacional de Políticas Integradoras y ya fuera del Gobierno es quien está liderando operativos piqueteros de controles de precios en supermercados.
 También hay leales a Pérsico y Alberto Fernández, como Daniel Menéndez, de Somos Barrios de Pie, quien se desempeña como subsecretario de políticas integración y formación, y fue uno de los promotores iniciales de los controles de precios, además de haber motorizado una marcha contra el campo hacia La Rural que finalmente terminó realizando en las puertas del Congreso.
En marzo, Clarín dio a conocer una serie de transferencias discrecionales que se le enviaron a Desarrollo Social en 2022, por $ 14.000 millones, entre las que sobresalen giros a organizaciones sociales que responden políticamente a Pérsico, Esteban Castro, Grabois, Klejzer y Menéndez.
 



Mirá también






Una líder piquetera opositora se lanza para la gobernación








Victoria Tolosa Paz toma distancia de la versión K de una postulación de Cristina Kirchner: ""Viene sosteniendo que no será candidata""



";https://www.clarin.com/politica/gobierno-destina-3-500-millones-dia-pagar-planes-sociales-controlan-piqueteros-aliados-campora_0_DMyohcjzBL.html
"
Ciudad: la inflación fue del 7,8% por la disparada de los precios de los alimentos
";Economía;"
Por la disparada de los precios de los alimentos (+10,4%), durante abril el Índice de Precios al Consumidor de la Ciudad de Buenos Aires (IPCBA) registró un incremento del 7,8%, acumulando en los primeros cuatro meses del año una suba de 31,2%, con los alimentos con una suba del 37,7%. El 7,8% registrado en abril es el más alto en 11 años.



La inflación interanual aumentó 3,9 puntos en relación a marzo, ubicándose en el 110,4%, de acuerdo a los datos de la Dirección de Estadística y Censos porteña.
Por la importancia de la Capital Federal, estos datos anticipan las cifras de inflación que el próximo viernes 12 debe difundir el INDEC. Las estimaciones privadas calculan un alza del 7,5%.
La inflación en CABA del 7,8%  supera la medición de marzo que fue del 7,1%, lo que indica una aceleración de la suba de los precios.
Si se excluyen los precios de los productos estacionales y regulados, la inflación núcleo - o sea no sujeta a la intervención del Estado ni por razones de estación -- fue más alta, del 8,1%, lo que marca que los precios libres superaron al promedio del mes. 
En tanto, por los aumentos autorizados para mayo, como combustibles, prepagas, transporte, alquileres, se descuenta que la inflación de este mes tendrá un piso del 7%, según las estimaciones de las consultoras privadas.
El alza en Alimentos y bebidas no alcohólicas -el rubro que registró en abril el mayor porcentaje de incremento y que es el de mayor incidencia en la medición- provino de verduras y legumbres (19,9%) seguido de Carnes y derivados (11,5%). En menor medida, se destacaron los aumentos en Leche, productos lácteos y huevos (10,8%) y Pan y cereales (8,5%).
Con estas cifras, los precios de los alimentos acumulan un alza del 37,7% en apenas 4 meses, liderado por las verduras (54,4%), carnes ( 51,7%) y frutas (49,2%). Y del 119,5% en relación a un año atrás.  Ni los salarios ni las jubilaciones y pensiones y demás prestaciones sociales tuvieron aumentos de esta magnitud. 
Estos valores golpean más a los sectores de menores recursos que destinan una proporción mayor de sus magros ingresos a alimentarse, anticipando un incremento de la indigencia y de la pobreza ya que la línea familiar de pobreza ( matrimonio con 2 hijos menores)  rondaría los $ 210.000 mensuales  sin computar el alquiler. Con un alquiler modesto supera fácilmente los $ 270.000. 
En el resto de los sectores los aumentos también fueron significativos: 
  Vivienda, agua, electricidad, gas y otros combustibles aumentó 6,4%, al impactar principalmente las subas en los precios de los alquileres. Le siguieron en importancia, los incrementos en la tarifa residencial del servicio de electricidad.
Restaurantes y hoteles promedió un alza de 8,2%, como resultado de los aumentos en los precios de los alimentos preparados en restaurantes, bares y casas de comida. En 12 meses acumula un alza del 130.9%.
Transporte registró una suba de 8,1% debido a los incrementos en los valores de los pasajes aéreos, de los combustibles y lubricantes para vehículos de uso del hogar y de los automóviles.
Equipamiento y mantenimiento del hogar aumentó 9,3%, al impactar los ajustes en las remuneraciones del personal de servicio doméstico. Le siguieron en importancia, las alzas en los valores de los grandes electrodomésticos y de los productos de limpieza.
 Prendas de vestir y calzado promedió una suba de 9,4%., como resultado del comportamiento estacional de la división. Este rubro acumula un incremento interanual del 117,7%. 
El Informe porteño señala que “durante la variación del IPCBA respondió fundamentalmente a las subas en las siguientes divisiones: Alimentos y bebidas no alcohólicas, Vivienda, agua, electricidad, gas y otros combustibles, Restaurantes y hoteles, Transporte, Equipamiento y mantenimiento del hogar y Prendas de vestir y calzado, que en conjunto explicaron el 75,7% del alza del Nivel General.”.
Y términos interanuales, “las divisiones Alimentos y bebidas no alcohólicas, Vivienda, agua, electricidad, gas y otros combustibles y Restaurantes y hoteles, fueron las principales responsables del incremento de los precios minoristas, explicando el 49,4% de la variación interanual del Nivel General.”



Mirá también






El FMI dice que sigue negociando, pero todavía no hay señales del desembolso de los US$ 10.000 millones



";https://www.clarin.com/economia/ciudad-inflacion-7-8-disparada-precios-alimentos_0_9SlHUljJ2G.html
"
Trump candidato: tensión en los medios de EE.UU.
";Opinión;"

Donald Trump se perfila otra vez como candidato a presidente de los Estados Unidos por el Partido Republicano para las elecciones de 2024, y el dato ha tensionado al sistema de medios de ese país, que se hace una pregunta inédita: cómo actuar.



El interrogante no es caprichoso. Para una parte importante del periodismo y los ciudadanos, los medios de comunicación fueron “culpables” del éxito electoral de Trump. Lo escribió el pasado marzo Martin Baron, ex editor jefe de The Washington Post: “Muchos periodistas llegaron a la conclusión de que nuestra profesión fracasó en cumplir su responsabilidad en un momento histórico peligroso. Su prueba, en primer lugar, es que Trump fue elegido; y que todavía mantiene un fuerte control sobre los republicanos y gran parte de los estadounidenses”.
Una entrevista al ex presidente en la CNN -programada para mañana miércoles en horario central nocturno- es asumida como el comienzo de la nueva campaña electoral, y se la señala como una pieza clave para pensar cuál será el rol que deberían llevar adelante los medios de cara a la próxima elección.
La edición digital para Estados Unidos del diario inglés The Guardian, de creciente audiencia entre una parte de los norteamericanos, críticos de sus diarios de cabecera por su pregonada neutralidad, no dudó en adjetivar la decisión de CNN de ofrecer ese espacio estelar al ex presidente: “Dice ser la cadena de noticias más fiable. Pero el miércoles dedicará una hora de su horario central a un mentiroso en serie que intentó terminar con la democracia estadounidense”, escribió el periodista David Smith.
Pero, ¿qué es exactamente lo que se cuestiona en la cobertura de Trump? Una primera respuesta se encuentra en la nota (tapa de la revista dominical) publicada el último domingo por la columnista Margaret Sullivan en el Post de la capital norteamericana. “Si Trump vuelve a presentarse, no lo cubras igual: manifiesto de un periodista”, tituló su artículo.
En el texto, entre otras cosas, plantea una autocrítica: “Demasiadas veces hemos actuado como sus taquígrafos o megáfonos (...) Tardamos demasiado en moderar nuestro instinto de dar la misma importancia a ambas partes, incluso cuando una de ellas utilizaba la desinformación en beneficio político"".
Y avanza en la descripción de un tiempo, para ella, dramático: “La democracia estadounidense se encuentra al borde del precipicio. ¿Qué puede hacer la prensa para evitar que caiga en vísperas de la elección 2024?”.
Su respuesta a dicha pregunta es disruptiva: “... (la presidencia de Trump) ha sido una educación para nosotros, una comprensión gradual de que los instintos y las convenciones del periodismo tradicional no eran lo suficientemente buenos para este momento de la historia de nuestro país (…) ahora que Trump se prepara para presentarse de nuevo en 2024 merece la pena recordar que cuando se informa sobre políticos que van esencialmente en contra de la democracia, el periodismo de viejo estilo ya no es suficiente”.
Y avanza: “Estoy convencida de que los periodistas deben centrarse en la búsqueda de la verdad, no en la neutralidad al estilo clásico”.
La definición no es menor porque cuestiona un paradigma de más de un siglo, constitutivo de la principal democracia del mundo.
“Es mucho lo que está en juego. Hacer las cosas como siempre no es ni remotamente apropiado”, desafía Sullivan.
La influencia de lo que allí ocurra de ahora en adelante invita a seguirlo con atención.




";https://www.clarin.com/opinion/trump-candidato-tension-medios-ee-uu-_0_qHZEEHJoiw.html
"
La Justicia argentina dio el visto bueno para que el avión venezolano-iraní que está retenido en Ezeiza sea decomisado hacia Estados Unidos
";Política;"
Con una decisión de varias aristas la Cámara Federal de La Plata confirmó este lunes a la noche los fallos del juez federal de Lomas de Zamora Federico Villena en relación a la tripulación del avión venezolano de Emtrasur que permanece retenido en Ezeiza desde junio de 2022 y sobre la aeronave consideró que el planteo de nulidad sobre el secuestro de la misma solicitado por los abogados que representan al régimen chavista, devenía en “abstracto”.



Ello liberó entonces la suerte del Boeing de Emtrasur que perteneció a la iraní Mahan Air y sobre el que pesan sanciones en Estados Unidos, a la justicia estadounidense que ya pidió recientemente su decomiso, tal como anticipó Clarín.
El decomiso, es decir el envío en este caso de la aeronave que está siendo mantenida por alguaciles especiales de los Estados Unidos, implica que en los próximos días la aeronave debería volar hacia ese país, porque en la Argentina ya habría sido liberada.
Igualmente, el Ministerio de Justicia es el encargado de transmitir este pedido a Villena, que ya no tiene causa judicial sobre la aeronave.
Entre tanto, la Cámara Federal también dictaminó este lunes la decisión de Villena de sobreseer a 14 tripulantes de la aeronave y de dictar falta de mérito sobre otros cinco. Toda la tripulación, no obstante, salió del país sobre fines de año, después de permanecer meses retenida.
Al levantar las cautelares sobre el avión y dejarlo bajo la decisión de la justicia estadounidense, la Cámara Federal dijo que ""teniendo en cuenta lo resuelto en el día de la fecha en el marco del legajo FLP 26547/2022/14/CA9, en cuanto se confirmó el levantamiento de la medida cautelar que pesaba sobre la aeronave Boeing 747-300, matrícula YV-3531, no se advierte, en el caso, que el peticionante tenga un interés legítimo sobre la investigación"". Y con el rechazo a los planteos, dio el visto bueno para que el avión deje finalmente el país.
Asimismo, la Cámara Federal no hizo lugar a algunos de los pedidos de la DAIA y su abogada Marta Nercellas sobre los venezolanos e iraníes que estaban siendo investigados con el objetivo de determinar si algunos de los tripulantes -en particular el piloto Gholamreza Ghasemi- tenía vínculos y pertenencia a grupos considerados terroristas por Estados Unidos -como la Fuerza Quds del Cuerpo de la Guardia Revolucionaria Iraní (IRGC-QF) y Hezbollah-. Pero sigue considerando a la entidad como organización con personería jurídica para futuras investigaciones.
El pedido de decomiso de Estados Unidos
Hace cuatro días, otro fallo, esa vez en Estados Unidos. había dado el primer paso para el principio del fin de la novela del avión venezolano-iraní retenido en el aeropuerto internacional de Ezeiza desde junio pasado. 
Fue el juez federal Randolph Moss, del distrito de Columbia, quien definió el decomiso de la aeronave de la aerolínea estatal venezolana Emtrasur, que antes fuera propiedad de otra iraní, ambas firmas bajo sanciones internacionales.
El dictamen se dio en el marco de un pedido de embargo presentado en los tribunales de aquel país, causa en la que la defensa de Emtrasur, representada en territorio argentino por el abogado Maximiliano Rusconi, no se presentó.

 DS



Mirá también






Más misterio: el banquero de Putín que viajó a El Calafate denunció por terrorismo al acusado de atentar contra Cristina








La justicia de Estados Unidos ordenó el decomiso definitivo del avión venezolano retenido en Ezeiza



";https://www.clarin.com/politica/justicia-argentina-dio-visto-avion-venezolano-irani-retenido-ezeiza-decomisado-unidos_0_AxdoehvucN.html
"
Video: así fue el brutal choque contra el peaje de la Panamericana en el que murió el conductor
";Policiales;"
Un automovilista de 75 años murió en la madrugada del domingo luego de impactar a toda velocidad contra una de las cabinas del peaje del ramal Campana de la Autopista Panamericana, en un violento accidente que causó conmoción por el daño que sufrió el vehículo. 



Piezas del motor desperdigadas por la traza del pavimento, los fierros retorcidos del automóvil tumbados contra una de las cabinas de acceso. Este lunes, se conoció una de las cámaras de seguridad del peaje que mostró el accidente.
Según el registro fílmico de la concesionaria Autopistas del Sol (Ausol), unas luces se acercan al peaje, que tenía un cono en el medio. No estaba habilitado para el paso, pero no se vislumbra si intenta esquivarlo. Allí muerde contra el parachoques que divide los pasos y causa una pequeña explosión.
El auto, que venía a toda velocidad, sale disparado y se incrustó contra la cabina 7 del peaje, luego de volcar en el acceso a la zona de cobro. Para esa altura era una pelota de fuego, que dejaba a su paso pedazos de la carrocería. 
Todavía se está investigando el motivo del accidente, aunque las imágenes dan cuenta de la brutalidad del golpe.
El accidente se produjo a la altura del kilómetro 33,5, en el peaje del Ramal Campana que va rumbo a la Ciudad de Buenos Aires.
De acuerdo a las filmaciones que se viralizaron de la zona del choque, el auto quedó con las ruedas para arriba, doblado por la mitad. A su alrededor, piezas del motor y de la carrocería. Tal fue la violencia del impacto, que los investigadores tardaron en identificar marca y modelo del vehículo, un Volkswagen CC Passat color gris. 
El video también registra a dos trabajadores del peaje que logran salir por su propios medios de una de las cabinas. Desde Ausol indicaron que los mismos ""no sufrieron consecuencias”. Por el choque, las cabinas de peajes 6,7 y 8 permanecen cerradas. 
Panamericana: un camión derribó un puente peatonal
Un puente peatonal cayó esta mañana tras ser embestido por un camión y provocó un corte total de tránsito en el ramal Pilar de la autopista Panamericana, a la altura de la localidad de Fátima, en el partido bonaerense de Pilar.
 El hecho ocurrió cerca de las 7.30 en el kilometro 62,500 de la autopista Panamericana, donde el conductor de un camión volcador de una empresa vial no percató que llevaba el sistema de batea elevado y embistió la parte superior de un puente peatonal.
Como resultado del impacto, parte de la pasarela cayó en la zona trasera de una camioneta que en ese momento circulaba detrás del camión en sentido a Provincia.
 El conductor del camión sufrió unas heridas leves, mientras que el de la camioneta salió ileso según informaron fuentes policiales.
La autopista se encontraba totalmente cerrada al tránsito en ambos sentidos ya que parte del puente quedó caído en un sentido y en otro quedó suspendido.
Al momento del colapso no había nadie pasando por arriba del puente, aunque los testigos indicaron que una señora con un hijo se encontraban bajando por la escalera. Se salvaron por apenas un minuto. El próximo puente peatonal más cercano se encuentra a tres cuadras.
 Poco antes del mediodía los operadores ya habían terminado de levantar los escombros que cayeron sobre la traza de la autopista. El camión y el auto ya fueron retirados, mientras que en el lugar solo quedó la batea que impactó contra el puente.



Mirá también






Caos de tránsito en la Panamericana: un camión derribó un puente peatonal y está cortado el ramal Pilar








Choque y vuelco en la Panamericana: un hombre murió tras impactar contra la cabina del peaje



";https://www.clarin.com/sociedad/video-brutal-choque-peaje-panamericana-murio-conductor_0_C2jXdq0GG0.html
"
El creador de ChatGPT anuncia el fin de la era del teletrabajo: ""Fue un error y está terminada""
";Tecnología;"
El CEO de OpenAI, Sam Altman, cuya plataforma ChatGPT amenaza con acabar con millones de empleos y varias profesiones tradicionales, no tuvo reparos en atacar una de las formas de trabajo que se instauró con la pandemia de Covid-19: el home office. 



 El cerebro detrás de la mayor empresa actual de inteligencia artificial, que desarrolló ChatGPT y DALL-E, fue categórico a la hora de dar su opinión sobre el teletrabajo durante una reciente conferencia organizada por la fintech Stripe: ""No es una buena opción para las nuevas empresas"".
Y comentó: ""Creo que definitivamente es uno de los peores errores de la industria tecnológica en un mucho tiempo fue que todo el mundo (pensaba que) podía ir de lleno a lo remoto para siempre"".
El teletrabajo, también conocido como trabajo remoto o trabajo a distancia, es una modalidad laboral en la cual los empleados realizan sus tareas desde su hogar u otro lugar fuera de la oficina tradicional. Esta modalidad se potenció en los últimos años debido a los avances tecnológicos y la creciente conectividad; sin embargo, Sam Altman no cree que esta modalidad no debería mantenerse en el tiempo.









Altman es CEO de OpenAI, la compañía detrás de ChatGPT. (Foto: Reuters) 


“Yo diría que el experimento sobre el teletrabajo terminó, y la tecnología aún no es lo suficientemente buena como para que las personas puedan estar llenas remoto para siempre, particularmente en las nuevas empresas"", agregó el CEO.
Altman también señaló que crear nuevos productos es más fácil mientras los empleados trabajaban habitualmente en un mismo espacio de oficina, pero trabajar desde casa considera que solo aumenta la confusión.
La supervisión y el control limitado, los desafíos a la hora de evaluar el desempeño de los empleados y la poca inversión en infraestructura y tecnología para potenciar el teletrabajo son las principales contradicciones que suelen argumentar las empresas sobre el trabajo remoto.
Asimismo, muchas empresas de tecnología de todo el mundo y sus líderes expresaron su preocupación por las condiciones prolongadas del teletrabajo mencionando la falta de creatividad, problemas de formación de equipos y retrasos en los resultados de los proyectos.
 Esta no es la primera vez que Altman aprovecha para criticar el trabajo fuera de la oficina. En enero, respondió en una entrevista diciendo OpenAI tiene algunas personas trabajando de forma remota, pero principalmente en persona.
""En mi opinión, la mayoría de las empresas de tecnología que se apresuraron a usar el teletrabajo completo y de forma permanentemente cometió un gran error, y las grietas son empezando a mostrar"", reflexionó Altman.
La Casa Blanca busca limitar a los gigantes de la IA









ChatGPT fue señalada por la Casa Blanca. Foto: REUTERS. 


Por otro lado, Sam Altman y sus pares de las principales compañías desarrolladoras de plataformas de inteligencia artificial generativa (IAG) fueron señaladas por las autoridades de la Casa Blanca quien llamó a que protejan a la sociedad de los peligros potenciales de sus tecnologías al tiempo que estudia nuevas regulaciones para el sector.
La vicepresidenta Kamala Harris convocó a los directivos de Google, Microsoft, OpenAi y Anthropic para trazar estrategias sobre el impacto de la IA, ante temores de que la industria avance a ciegas en esta tecnología con potenciales riesgos para la sociedad.
""El sector privado tiene el deber ético, moral y legal de asegurarse de la seguridad de sus productos"", indicó Harris en un comunicado tras reunirse con Satya Nadella (Microsoft), Sundar Pichai (Google), Sam Altman (OpenAI) y Dario Amodei (Anthropic) y varios miembros del gobierno.
Harris señaló que la IA tiene el ""potencial de mejorar la vida cotidiana y abordar algunos de los mayores desafíos de la sociedad"", pero también podría ""aumentar drásticamente las amenazas a la seguridad, reducir los derechos humanos y la privacidad y socavar la confianza pública en la democracia"".
Por su parte -al intervenir brevemente en la reunión-, el presidente Joe Biden advirtió a los empresarios del ""enorme potencial y enorme peligro en lo que ustedes hacen"".
""Sé que ustedes lo entienden y espero que puedan informarnos de lo que consideren que es más necesario para proteger a la sociedad, así como para su avance"", agregó el mandatario.
Biden ha insistido al Congreso para fijar leyes con límites más estrictos en el sector tecnológico, aunque estos esfuerzos tienen pocas posibilidades debido a las divisiones políticas.
La falta de regulación le permitió a las empresas con sede en Silicon Valley la libertad de lanzar nuevos productos rápidamente y esto alimentó temores que que la IA pueda causar estragos en la sociedad antes de que el gobierno se ponga al día en este tema.
SL



Mirá también






El ""ChatGPT de las contraseñas"" que puede descifrar cualquier combinación en menos de un minuto








Samsung prohíbe el uso interno de ChatGPT y hasta amenaza con despidos



";https://www.clarin.com/tecnologia/creador-chatgpt-anuncia-fin-teletrabajo-error-terminada-_0_2BftCWJViN.html
"
Argentina arrasó en los Oscar del deporte con un doblete histórico: Lionel Messi y la Scaloneta, los mejores del año en los Premios Laureus
";Deportes;"
Lionel Messi es mejor deportista de 2023. Es mejor que que el futbolista francés Kylian Mbappé -aunque en PSG piensen increíblemente lo contrario-. También es mejor que el piloto neerlandés Max Verstappen, el atleta sueco Mondo Duplantis, el tenista español Rafael Nadal y el basquetbolista estadounidense Stephen Curry. Así lo definió el jurado de notables de los Premios Laureus, los Oscar del deporte, que se entregaron este lunes en el Pavillion Vendome de París.



Pero las conquistas de Messi, en tiempos de turbulencias en su club y con su futuro atrapado entre signos de interrogación, no se terminaron allí. Es que la Selección Argentina, esa que tiene como capitán al rosarino y que viene de alzar la Copa del Mundo en Qatar 2022, es el mejor equipo de año. Es mejor que el seleccionado femenino de fútbol de Inglaterra, el seleccionado masculino de rugby de Francia, el equipo de fútbol de Real Madrid, los Golden State Warriors de la NBA y la escudería Red Bull de Fórmula 1. Sí, Messi y la Scaloneta son los mejores entre los mejores. Y poco hay para discutir. 
Es la segunda vez que Messi, de 35 años, gana un Laureus después del que obtuvo en 2020. Sin embargo, en aquella ocasión, la Pulga compartió el reconocimiento con el piloto británico de Fórmula 1 Lewis Hamilton. Esta vez fue en solitario y le tocó suceder a Verstappen, vencedor en 2022. Sin embargo, está lejos de las cinco estatuillas que acopió el suizo Roger Federer en su maravillosa carrera como tenista.
""El Mundial llegó al final de mi carrera, pero fue lo más lindo"", manifestó Messi, quien estuvo acompañado en el escenario por la leyenda del rugby argentino Hugo Porta, quien comparó al capitán de la Selección Argentina con el estadista sudafricano Nelson Mandela por su liderazgo y por su capacidad de inspirar a los demás. ""Si estuviera Mandela acá te daría un abrazo"", enfatizó el ex apertura de Los Pumas.
""Me costó muchísimo (el Mundial), casi toda mi carrera. Lo quiero compartir con toda Argentina"", siguió Messi, visiblemente emocionado. En ese momento, recordó que antes había tenido ""muchísimas alegrías con el Barcelona y tristezas con la Selección"". Y cerró: ""Fue una enseñanza, con muchas piedras en el camino, para superarme, superarse, junto a mi familia y mis seres queridos"", agregó, quien asistió a la velada junto a su pareja, Antonela Roccuzzo. Juntos causaron furor con sus looks.







Pero la noche de Messi no culminó allí. Es que Leo hizo historia y no necesitó tener una pelota como herramienta. Ni siquiera tuvo que ponerse los cortos. Con su elegante esmoquin se convirtió en el primer deportista que fue doblemente premiado en los Laureus (individualmente y por equipos) desde que comenzaron a entregarse estos galardones, en 2000. Es que la Selección Argentina también se llevó su estatuilla y fue Messi el que lo recibió. Y eso que también participaron de la fiesta el presidente de la AFA, Claudio Chiqui Tapia. y el defensor Lisandro Martínez, que estuvo acompañado por su pareja, la influencer Muri López Benítez.
La Scaloneta, esa magnífica e inolvidable creación de Lionel Scaloni, se llevó el premio por su papel en el Mundial de Qatar, donde se impuso en una final-thriller ante Francia, segundo en discordia, luego de la definición por penales para gritar campeón por tercera vez en la historia. Un detalle no menor: Messi se fue de la gala con un pin en una de sus solapas con el escudo de la AFA y sus flamantes tres estrellas. 
La Selección sucede a la selección de fútbol de Italia, a la que el año pasado le dio un baile inolvidable en Wembley en la Finalissima, esa sonrisa que sirvió como prólogo de ese fin de año inolvidable en Medio Oriente. ""Fue un premio al trabajo, al compañerismo, a la humildad y al respeto. No solo Argentina se sintió identificada (con nuestro equipo), sino gran parte del mundo. Respeto ante todo"", declaró Messi, quien recibió el premio de las manos del entrenador italiano Fabio Capello y del futbolista español Carles Puyol, su ex compañero de andadas en el Barcelona, que al igual que Porta integran el jurado de 71 notables de la Academia Laureus.
""La hemos peleado y hemos pasado momentos muy difíciles, pero todos juntos, con esa fuerza, esa hambre, nos dijimos: ¿por qué no podemos ser campeones del mundo? Después del partido contra Arabia Saudita, como dijo Leo, había que creer"", comentó Licha Martínez, que se recuperá de una lesión en uno de sus pies. Y agregó: ""Lo hicimos con humildad de aceptar la derrota, respetando a los rivales cuando ganamos y perdemos"".







También tuvo la palabra Chiqui Tapia, quien aseguró que el triunfo en Qatar supuso ""una gran alegría para todos los argentinos que se sintieron orgullosos de su país en un momento muy especial"". Y cerró: ""Cuando hay un proyecto y todo un equipo quiere lo mismo no hay imposibles"", cerró el hombre fuerte del fútbol argentino que está de viaje por Europa por asuntos comerciales.
Fue otra noche argentina en París, con un Messi que volvió a brillar luego de una semana convulsionada por su viaje a Arabia Saudita que desembocó en una inaudita sanción de la dirigencia de PSG. Horas antes de convertirse en el centro del universo del deporte, la Pulga al menos había conseguido el indulto de sus patrones qataríes y pudo entrenarse en el Camp des Loges, el predio deportivo de su club. Fue el mismo día en que en España aseguraron, sin asidero alguno, que su futuro estaba atado al Al Hilal, el equipo árabe que dirige Ramón Díaz. Por ahora, nada está resuelto. Sólo se sabe que Messi y la Scaloneta son los mejores entre los mejores.
Los otros premiados









Carlos Alcaraz, la revelación del año. 


Un día más tarde de levantar el Masters 1.000 de Madrid, Carlos Alcaraz, de 20 años, recibió el Laureus como el deportista revelación de 2023. Pesó su conquista del Abierto de Estados Unidos en septiembre del pasado año y haber sido el número uno mundial masculino más joven de la historia. El portugués Luis Figo fue quien le entregó la estatuilla al joven murciano, a quien se lo vio mantener una divertida charla con Messi.
Como mejor deportista femenina de 2022, sorprendió la atleta jamaiquina Shelly-Ann Fraser-Pryce, de 36 años, quien se impuso a la futbolista española Alexia Putellas, la nadadora estadounidense Katie Ledecky y la tenista polaca Iga Swiatek, entre otras.
El futbolista danés Christian Eriksen, de 31 años, ganó el premio a la mejor regreso del año, después de recuperarse de un paro cardíaco en junio de 2021, en pleno partido de la Eurocopa ante Finlandia.









Christian Eriksen, regreso del año. Foto: EFE 


Las otras categorías recayeron en la suiza Catherine Debrunner, como mejor atleta paralímpica; y la esquiadora estadounidense Eileen Gu, como mejor deportista extrema. Finalmente, el futbolista polaco Robert Lewandowski entregó el galardón de la categoría ""Sport for Good"" a la iniciativa TeamUp, una asociación entre Save the Children, Unicef de los Países Bajos y War Child, que se puso en marcha en 2022 en Polonia con los niños ucranianos refugiados por culpa de la invasión rusa.



Mirá también






Conmoción en el atletismo: Tori Bowie, la triple medallista olímpica hallada muerte, estaba embarazada de siete meses








Final del castigo para Lionel Messi, que volvió a entrenarse con París Saint Germain



";https://www.clarin.com/deportes/argentina-arraso-oscar-deporte-doblete-historico-lionel-messi-scaloneta-mejores-ano-premios-laureus_0_EJEfQpUjkO.html
"
El divertido reencuentro entre Lionel Messi y Lewandowski tras el cruce en el Mundial de Qatar
";Deportes;"
En la mayoría de los casos, no hay enojos deportivos que una charla no puedan subsanar. Este lunes, en los premios Laureus, podría haber quedado zanjado un cruce con historia. ¿Los protagonistas? Ni más ni menos que Lionel Messi, el capitán de la Selección Argentina, y el goleador polaco Robert Lewandowski, quienes compartieron un ameno diálogo en medio de la alfombra roja montada en el lujoso Pavillon Vendome, en el centro de París.





Según pudo saber Clarín, Lewandowski fue quien esperó al rosarino de 35 años en uno de los 'laberintos' que recorrían los invitados a la gala. El delantero del Barcelona, estuvo invitado porque entregó a la iniciativa ""TeamUp"" el galardón de la categoría ""Sport for Good"" de los Oscars del deporte.
El polaco fue paciente mientras Messi caminaba de la mano de su esposa Antonela Roccuzzo, quien también participó de la divertida charla, un tono muy distinto al de aquellos momentos de cruces de declaraciones entre ambos referentes de sus seleccionados.


En el diálogo, de aproximadamente un minuto, Messi le preguntó si estaba viviendo junto a su familia en Casteldefels y Antonela le comentó que tanto el delantero polaco como su mujer ""amaban"" la ciudad de Barcelona.
Un cruce con historia 









Foto: Kirill KUDRYAVTSEV / AFP. 


La bronca se había generado hace más de un año y medio, tras la postergada entrega post pandemia por Covid del Balón de Oro 2021.
Lewandowski creía que iba a ser para él ya que había tenido una temporada perfecta con Bayern Munich y había marcado 40 goles. Pero no.
Ese premio finalmente se lo llevó Messi conquistando su séptimo galardón personal porque tuvo una gran temporada en Barcelona y conquistó junto a la Selección la Copa América en Brasil, relegando al polaco al segundo lugar, por sólo 33 votos.
El resultado desató la furia del polaco. Lo curioso, es que en la propia gala de premiación, fue el propio Messi el que le tiró buena onda a Lewandowski: ""Es un honor pelear con Lewandowski, fuiste el ganador del Balón de Oro del año pasado (por el 2020 que no se entregó por la pandemia) y France Football te debería dar el premio. tendrías que tenerlo en casa también"".
Lewandowski no creyó en el mensaje mandado por Leo durante la ceremonia y contratacó: ""Quisiera que sea una declaración sincera de un gran jugador y no palabras vacías"", dijo con bastante mal humor.







El nuevo capítulo tuvo lugar en enero de 2022 con el premio The Best que otorga la FIFA. Y esta vez fue para Lewandowski quien volvió a traer a Messi al centro de la escena.
""Llegué a la conclusión de que el premio FIFA es más importante, porque el Balón de Oro sólo votan los periodistas. En cambio, en este trofeo votan los profesionales del fútbol, los capitanes y entrenadores, que pueden evaluar todo de una forma más realista"", dijo el polaco bajándole el precio al Balón de Oro que otorgan los franceses.
El polaco, por su parte, se mostró molesto cuando le preguntaron por Messi a su arribo a Qatar.
""Se están malinterpretando las cosas. Nunca dije que las palabras de Messi no habían sido sinceras. Lo que dijo de mí en París me conmovió y me hizo feliz de verdad. Lo felicito por el premio"", dijo Lewandowski. Sin embargo, nadie le creyó.







El 1 de diciembre pasado, durante el tercer partido de la fase de grupos del Mundial de Qatar que Argentina le ganó a Polonia, se volvieron a cruzar. Durante el segundo tiempo, el polaco le hizo una falta a Messi en mitad de cancha y la Pulga le mostró total indiferencia ante el pedido de disculpas por la acción del delantero.
""Llegué a cruzarme con Messi y fue muy raro porque estábamos los dos en el centro del campo. Estaba defendiendo en el medio juego y yo sabía que tenía que ayudar al equipo"", aseguró Lewandowski sobre la infracción y el hecho de que ambos se encontraran protagonizando una falta en mitad de cancha.
En la zona mixta, Leo Messi le restó importancia a lo que pasó con la estrella de Polonia: ""No pasa nada, nada. Él no habla español y a mí me enseñaron que todo lo que se habla en la cancha queda en la cancha y el vestuario"", dijo.
A pesar de que no hablan el mismo idioma, post partido se vio a Lewandowski y a Leo charlando a un costado de la cancha, con la boca tapada con las manos. ""Messi y yo hablamos un poco -admitió Lewandowski-. Fue divertido. Le dije a Messi que estaba jugando más defensivo que de costumbre, pero que a veces eso es lo que necesita el equipo"", señaló Lewandowski, en declaraciones al diario Bild de Alemania.











Mirá también






Argentina arrasó en los Oscar del deporte con un doblete histórico: Lionel Messi y la Scaloneta, los mejores del año en los Premios Laureus








Alexis Mac Allister, de ""chiripa"", hizo el gol del honor en la durísima derrota de Brighton ante el renacido Everton








La entrega de los Premios Laureus 2023, EN VIVO: Lionel Messi fue elegido el mejor deportista y la Selección Argentina es el mejor equipo








Lionel Messi y dos noticias fuertes en un lunes de premios: el indulto de PSG y un rumor sin asidero sobre su futuro








Final del castigo para Lionel Messi, que volvió a entrenarse con París Saint Germain








Conmoción en el atletismo: Tori Bowie, la triple medallista olímpica hallada muerte, estaba embarazada de siete meses



";https://www.clarin.com/deportes/divertido-reencuentro-lionel-messi-lewandowski-cruce-mundial-qatar_0_u3aARCiDP2.html
